{"cameraMode":{"drawMode":0,"name":"Shaded","section":"Shading Mode"},"sceneLighting":true,"audioPlay":false,"sceneViewState":{"showFog":true,"showMaterialUpdate":false,"showSkybox":true,"showFlares":true,"showImageEffects":true,"showParticleSystems":true},"in2DMode":false,"pivot":{"x":324.12945556640627,"y":269.15216064453127,"z":536.7007446289063},"rotation":{"x":-0.005680175498127937,"y":0.9913487434387207,"z":-0.12286641448736191,"w":-0.04583195596933365},"size":16.79490089416504,"orthographic":false}